keyword,intent,page URL,language,priority,notes
"about weesize","informational","https://weesize.com/about","en","1",""
"open source pdf tools","informational","https://weesize.com/about","en","1",""
"browser only pdf editor","informational","https://weesize.com/about","en","1",""
"private pdf tools","navigational","https://weesize.com/","en","1",""
"pdf tools no upload","navigational","https://weesize.com/","en","1",""
"weesize","navigational","https://weesize.com/","en","1",""
"pdf tools","navigational","https://weesize.com/tools","en","1",""
"all pdf tools","navigational","https://weesize.com/tools","en","1",""
"pdf privacy","informational","https://weesize.com/privacy","en","1",""
"no upload pdf","informational","https://weesize.com/privacy","en","1",""
"free pdf tools no sign up","informational","https://weesize.com/privacy","en","1",""
"weesize logo","navigational","https://weesize.com/brand","en","3",""
"weesize brand","navigational","https://weesize.com/brand","en","3",""
"weesize press","navigational","https://weesize.com/press","en","3",""
"private pdf tools","navigational","https://weesize.com/press","en","3",""
"sitemap","navigational","https://weesize.com/sitemap","en","3",""
"html sitemap","navigational","https://weesize.com/sitemap","en","3",""
"pdf guides","informational","https://weesize.com/guides","en","2",""
"how to compress a pdf","informational","https://weesize.com/guides","en","2",""
"compress pdf","transactional","https://weesize.com/compress-pdf","en","1",""
"reduce pdf size","transactional","https://weesize.com/compress-pdf","en","1",""
"pdf compressor","transactional","https://weesize.com/compress-pdf","en","1",""
"merge pdf","transactional","https://weesize.com/merge-pdf","en","1",""
"combine pdf","transactional","https://weesize.com/merge-pdf","en","1",""
"split pdf","transactional","https://weesize.com/split-pdf","en","1",""
"extract pdf pages","transactional","https://weesize.com/split-pdf","en","1",""
"organize pdf","transactional","https://weesize.com/organize-pdf","en","1",""
"reorder pdf pages","transactional","https://weesize.com/organize-pdf","en","1",""
"rotate pdf","transactional","https://weesize.com/rotate-pdf","en","2",""
"turn pdf pages","transactional","https://weesize.com/rotate-pdf","en","2",""
"crop pdf","transactional","https://weesize.com/crop-pdf","en","2",""
"trim pdf margins","transactional","https://weesize.com/crop-pdf","en","2",""
"jpg to pdf","transactional","https://weesize.com/jpg-to-pdf","en","1",""
"jpeg to pdf","transactional","https://weesize.com/jpg-to-pdf","en","1",""
"photos to pdf","transactional","https://weesize.com/jpg-to-pdf","en","1",""
"pdf to jpg","transactional","https://weesize.com/pdf-to-jpg","en","1",""
"pdf to jpeg","transactional","https://weesize.com/pdf-to-jpg","en","1",""
"pdf to word","transactional","https://weesize.com/pdf-to-word","en","1",""
"pdf to docx","transactional","https://weesize.com/pdf-to-word","en","1",""
"word to pdf","transactional","https://weesize.com/word-to-pdf","en","1",""
"docx to pdf","transactional","https://weesize.com/word-to-pdf","en","1",""
"compress image","transactional","https://weesize.com/compress-image","en","1",""
"reduce image size","transactional","https://weesize.com/compress-image","en","1",""
"photo compressor","transactional","https://weesize.com/compress-image","en","1",""
"html to pdf","transactional","https://weesize.com/html-to-pdf","en","2",""
"webpage to pdf","transactional","https://weesize.com/html-to-pdf","en","2",""
"pdf to markdown","transactional","https://weesize.com/pdf-to-markdown","en","2",""
"pdf to md","transactional","https://weesize.com/pdf-to-markdown","en","2",""
"compare pdf","transactional","https://weesize.com/compare-pdf","en","2",""
"pdf diff","transactional","https://weesize.com/compare-pdf","en","2",""
"add page numbers to pdf","transactional","https://weesize.com/add-page-numbers-to-pdf","en","2",""
"number pdf pages","transactional","https://weesize.com/add-page-numbers-to-pdf","en","2",""
"watermark pdf","transactional","https://weesize.com/watermark-pdf","en","2",""
"draft watermark","transactional","https://weesize.com/watermark-pdf","en","2",""
"repair pdf","transactional","https://weesize.com/repair-pdf","en","2",""
"fix damaged pdf","transactional","https://weesize.com/repair-pdf","en","2",""
"scan to pdf","transactional","https://weesize.com/scan-to-pdf","en","2",""
"camera to pdf","transactional","https://weesize.com/scan-to-pdf","en","2",""
"summarize pdf","commercial","https://weesize.com/summarize-pdf","en","3",""
"pdf summary","commercial","https://weesize.com/summarize-pdf","en","3",""
"translate pdf","commercial","https://weesize.com/translate-pdf","en","3",""
"pdf translation","commercial","https://weesize.com/translate-pdf","en","3",""
"pdf workflow","transactional","https://weesize.com/pdf-workflows","en","3",""
"batch pdf","transactional","https://weesize.com/pdf-workflows","en","3",""
"pdf upload requirements","informational","https://weesize.com/get-it-accepted","en","2",""
"get a pdf accepted","informational","https://weesize.com/get-it-accepted","en","2",""
"id photo maker","commercial","https://weesize.com/id-photo","en","2",""
"passport photo crop","commercial","https://weesize.com/id-photo","en","2",""
"check pdf before sending","commercial","https://weesize.com/check-pdf-before-sending","en","2",""
"hidden text in pdf","commercial","https://weesize.com/check-pdf-before-sending","en","2",""
"remove pdf metadata","commercial","https://weesize.com/remove-metadata-from-pdf","en","2",""
"strip pdf author","commercial","https://weesize.com/remove-metadata-from-pdf","en","2",""
"pdf command","commercial","https://weesize.com/pdf-commands","en","2",""
"compress and delete page","commercial","https://weesize.com/pdf-commands","en","2",""
"make pdf accessible","commercial","https://weesize.com/make-pdf-accessible","en","2",""
"pdf ua check","commercial","https://weesize.com/make-pdf-accessible","en","2",""
"check pdf signature","informational","https://weesize.com/is-this-pdf-signed","en","2",""
"was this pdf changed","informational","https://weesize.com/is-this-pdf-signed","en","2",""
"chat with pdf privately","commercial","https://weesize.com/chat-with-pdf","en","2",""
"ask a pdf a question","commercial","https://weesize.com/chat-with-pdf","en","2",""
"pdf hot folder","commercial","https://weesize.com/hot-folders","en","2",""
"watch folder compress pdf","commercial","https://weesize.com/hot-folders","en","2",""
"lite pdf tools","informational","https://weesize.com/lite","en","2",""
"pdf tools slow connection","informational","https://weesize.com/lite","en","2",""
"pdf tool url parameters","informational","https://weesize.com/help/url-parameters","en","1",""
"compress pdf target query","informational","https://weesize.com/help/url-parameters","en","1",""
"compress pdf to 20 kb","transactional","https://weesize.com/compress-pdf-to-20kb","en","2",""
"reduce pdf to 20 kb","transactional","https://weesize.com/compress-pdf-to-20kb","en","2",""
"compress pdf to 50 kb","transactional","https://weesize.com/compress-pdf-to-50kb","en","2",""
"reduce pdf to 50 kb","transactional","https://weesize.com/compress-pdf-to-50kb","en","2",""
"compress pdf to 100 kb","transactional","https://weesize.com/compress-pdf-to-100kb","en","1",""
"reduce pdf to 100 kb","transactional","https://weesize.com/compress-pdf-to-100kb","en","1",""
"compress pdf to 150 kb","transactional","https://weesize.com/compress-pdf-to-150kb","en","2",""
"reduce pdf to 150 kb","transactional","https://weesize.com/compress-pdf-to-150kb","en","2",""
"compress pdf to 200 kb","transactional","https://weesize.com/compress-pdf-to-200kb","en","1",""
"reduce pdf to 200 kb","transactional","https://weesize.com/compress-pdf-to-200kb","en","1",""
"compress pdf to 300 kb","transactional","https://weesize.com/compress-pdf-to-300kb","en","2",""
"reduce pdf to 300 kb","transactional","https://weesize.com/compress-pdf-to-300kb","en","2",""
"compress pdf to 500 kb","transactional","https://weesize.com/compress-pdf-to-500kb","en","2",""
"reduce pdf to 500 kb","transactional","https://weesize.com/compress-pdf-to-500kb","en","2",""
"compress pdf to 1 mb","transactional","https://weesize.com/compress-pdf-to-1mb","en","2",""
"reduce pdf to 1 mb","transactional","https://weesize.com/compress-pdf-to-1mb","en","2",""
"compress pdf to 2 mb","transactional","https://weesize.com/compress-pdf-to-2mb","en","2",""
"reduce pdf to 2 mb","transactional","https://weesize.com/compress-pdf-to-2mb","en","2",""
"compress pdf to 5 mb","transactional","https://weesize.com/compress-pdf-to-5mb","en","2",""
"reduce pdf to 5 mb","transactional","https://weesize.com/compress-pdf-to-5mb","en","2",""
"compress pdf to 10 mb","transactional","https://weesize.com/compress-pdf-to-10mb","en","2",""
"reduce pdf to 10 mb","transactional","https://weesize.com/compress-pdf-to-10mb","en","2",""
"compress image to 10kb","transactional","https://weesize.com/compress-image-to-10kb","en","2",""
"compress image to 20kb","transactional","https://weesize.com/compress-image-to-20kb","en","1",""
"compress image to 30kb","transactional","https://weesize.com/compress-image-to-30kb","en","2",""
"compress image to 50kb","transactional","https://weesize.com/compress-image-to-50kb","en","1",""
"compress image to 100kb","transactional","https://weesize.com/compress-image-to-100kb","en","1",""
"compress image to 200kb","transactional","https://weesize.com/compress-image-to-200kb","en","1",""
"compress image to 500kb","transactional","https://weesize.com/compress-image-to-500kb","en","2",""
"compress image to 1mb","transactional","https://weesize.com/compress-image-to-1mb","en","2",""
"compress jpg to 20kb","transactional","https://weesize.com/compress-jpg-to-20kb","en","1",""
"compress jpg to 50kb","transactional","https://weesize.com/compress-jpg-to-50kb","en","1",""
"compress jpg to 100kb","transactional","https://weesize.com/compress-jpg-to-100kb","en","1",""
"compress jpg to 200kb","transactional","https://weesize.com/compress-jpg-to-200kb","en","1",""
"resize image to 20kb","transactional","https://weesize.com/resize-image-to-20kb","en","1",""
"resize image to 50kb","transactional","https://weesize.com/resize-image-to-50kb","en","1",""
"resize image to 100kb","transactional","https://weesize.com/resize-image-to-100kb","en","1",""
"compress png","transactional","https://weesize.com/compress-png","en","2",""
"reduce photo size","transactional","https://weesize.com/reduce-photo-size","en","2",""
"compress pdf without uploading","commercial","https://weesize.com/compress-pdf-without-uploading","en","1",""
"offline pdf tools","commercial","https://weesize.com/offline-pdf-tools","en","1",""
"merge pdf offline","commercial","https://weesize.com/merge-pdf-offline","en","1",""
"pdf tools with no sign-up","commercial","https://weesize.com/pdf-tools-no-signup","en","1",""
"secure pdf compressor","commercial","https://weesize.com/secure-pdf-compressor","en","1",""
"pdf tools that work offline","commercial","https://weesize.com/pdf-tools-that-work-offline","en","1",""
"free pdf compressor with no watermark","commercial","https://weesize.com/free-pdf-compressor-no-watermark","en","1",""
"free pdf tools with no sign-up","commercial","https://weesize.com/free-pdf-tools-no-sign-up","en","1",""
"private pdf tool suite","commercial","https://weesize.com/private-pdf-tools","en","1",""
"pdf compressor offline","commercial","https://weesize.com/pdf-compressor-offline","en","1",""
"free pdf tools with no limit","commercial","https://weesize.com/free-pdf-tools-no-limit","en","1",""
"open source pdf tools","commercial","https://weesize.com/open-source-pdf-tools","en","1",""
"local pdf tools","commercial","https://weesize.com/local-pdf-tools","en","1",""
"compress a pdf on iphone","transactional","https://weesize.com/compress-pdf-on-iphone","en","2",""
"compress a pdf on android","transactional","https://weesize.com/compress-pdf-on-android","en","2",""
"compress a pdf on mac","transactional","https://weesize.com/compress-pdf-on-mac","en","2",""
"compress a pdf on windows","transactional","https://weesize.com/compress-pdf-on-windows","en","2",""
"compress a pdf on a chromebook","transactional","https://weesize.com/compress-pdf-on-chromebook","en","2",""
"compress pdf for email","transactional","https://weesize.com/compress-pdf-for-email","en","1",""
"reduce pdf for attachment","transactional","https://weesize.com/compress-pdf-for-email","en","1",""
"gmail attachment size limit","transactional","https://weesize.com/gmail-attachment-size-limit","en","2",""
"compress pdf for gmail","transactional","https://weesize.com/gmail-attachment-size-limit","en","2",""
"outlook attachment size limit","transactional","https://weesize.com/outlook-attachment-size-limit","en","2",""
"compress pdf for outlook","transactional","https://weesize.com/outlook-attachment-size-limit","en","2",""
"whatsapp pdf size limit","transactional","https://weesize.com/whatsapp-pdf-size-limit","en","2",""
"reduce pdf size for whatsapp","transactional","https://weesize.com/whatsapp-pdf-size-limit","en","2",""
"compress pdf for job application","transactional","https://weesize.com/compress-pdf-for-job-application","en","2",""
"reduce resume pdf size","transactional","https://weesize.com/compress-pdf-for-job-application","en","2",""
"compress pdf for online form","transactional","https://weesize.com/compress-pdf-for-online-form","en","2",""
"reduce pdf size for upload","transactional","https://weesize.com/compress-pdf-for-online-form","en","2",""
"reduce photo size for online application","transactional","https://weesize.com/reduce-photo-size-for-online-application","en","2",""
"compress photo to 50kb for form","transactional","https://weesize.com/reduce-photo-size-for-online-application","en","2",""
"heic to jpg","transactional","https://weesize.com/heic-to-jpg","en","1",""
"webp to jpg","transactional","https://weesize.com/webp-to-jpg","en","1",""
"png to jpg","transactional","https://weesize.com/png-to-jpg","en","1",""
"jpg to png","transactional","https://weesize.com/jpg-to-png","en","1",""
"webp to png","transactional","https://weesize.com/webp-to-png","en","1",""
"avif to jpg","transactional","https://weesize.com/avif-to-jpg","en","1",""
"jpg to webp","transactional","https://weesize.com/jpg-to-webp","en","1",""
"ilovepdf alternative","commercial","https://weesize.com/alternatives/ilovepdf","en","2",""
"weesize vs ilovepdf","commercial","https://weesize.com/alternatives/ilovepdf","en","2",""
"ilovepdf alternative","commercial","https://weesize.com/compare/weesize-vs-ilovepdf","en","2",""
"weesize vs ilovepdf","commercial","https://weesize.com/compare/weesize-vs-ilovepdf","en","2",""
"smallpdf alternative","commercial","https://weesize.com/alternatives/smallpdf","en","2",""
"weesize vs smallpdf","commercial","https://weesize.com/alternatives/smallpdf","en","2",""
"smallpdf alternative","commercial","https://weesize.com/compare/weesize-vs-smallpdf","en","2",""
"weesize vs smallpdf","commercial","https://weesize.com/compare/weesize-vs-smallpdf","en","2",""
"adobe acrobat online alternative","commercial","https://weesize.com/alternatives/adobe-acrobat-online","en","2",""
"weesize vs adobe-acrobat-online","commercial","https://weesize.com/alternatives/adobe-acrobat-online","en","2",""
"adobe acrobat online alternative","commercial","https://weesize.com/compare/weesize-vs-adobe-acrobat-online","en","2",""
"weesize vs adobe-acrobat-online","commercial","https://weesize.com/compare/weesize-vs-adobe-acrobat-online","en","2",""
"pdf24 alternative","commercial","https://weesize.com/alternatives/pdf24","en","2",""
"weesize vs pdf24","commercial","https://weesize.com/alternatives/pdf24","en","2",""
"pdf24 alternative","commercial","https://weesize.com/compare/weesize-vs-pdf24","en","2",""
"weesize vs pdf24","commercial","https://weesize.com/compare/weesize-vs-pdf24","en","2",""
"sejda alternative","commercial","https://weesize.com/alternatives/sejda","en","2",""
"weesize vs sejda","commercial","https://weesize.com/alternatives/sejda","en","2",""
"sejda alternative","commercial","https://weesize.com/compare/weesize-vs-sejda","en","2",""
"weesize vs sejda","commercial","https://weesize.com/compare/weesize-vs-sejda","en","2",""
"why is my pdf so large","informational","https://weesize.com/guides/why-is-my-pdf-so-large","en","2",""
"reduce pdf size without losing quality","informational","https://weesize.com/guides/reduce-pdf-size-without-losing-quality","en","2",""
"is it safe to upload pdfs","informational","https://weesize.com/guides/is-it-safe-to-upload-pdfs","en","2",""
"how to redact a pdf","informational","https://weesize.com/guides/how-to-redact-a-pdf-properly","en","2",""
"black box pdf redaction","informational","https://weesize.com/guides/why-black-boxes-fail-at-redaction","en","2",""
"searchable scanned pdf","informational","https://weesize.com/guides/make-a-scanned-pdf-searchable","en","2",""
"pdf vs pdf/a","informational","https://weesize.com/guides/pdf-vs-pdfa","en","2",""
"sign a pdf without printing","informational","https://weesize.com/guides/sign-a-pdf-without-printing","en","2",""
"compress a pdf on iphone","informational","https://weesize.com/guides/compress-a-pdf-on-iphone","en","2",""
"jpeg vs webp vs avif","informational","https://weesize.com/guides/best-image-format-for-the-web","en","2",""
"shrink photos for applications","informational","https://weesize.com/guides/shrink-photos-for-applications","en","2",""
"merge pdfs without an account","informational","https://weesize.com/guides/merge-pdfs-without-an-account","en","2",""
"split a pdf by page range","informational","https://weesize.com/guides/split-a-pdf-by-page-range","en","2",""
"organize pdf pages","informational","https://weesize.com/guides/organize-pages-before-you-send","en","2",""
"photos to pdf","informational","https://weesize.com/guides/turn-photos-into-a-pdf","en","2",""
"password protect a pdf","informational","https://weesize.com/guides/password-protect-a-pdf","en","2",""
"remove a pdf password","informational","https://weesize.com/guides/remove-a-pdf-password-you-know","en","2",""
"add page numbers to a pdf","informational","https://weesize.com/guides/add-page-numbers","en","2",""
"watermark a pdf","informational","https://weesize.com/guides/watermark-a-contract","en","2",""
"repair a damaged pdf","informational","https://weesize.com/guides/repair-a-damaged-pdf","en","2",""
"compare two pdfs","informational","https://weesize.com/guides/compare-two-contract-versions","en","2",""
"pdf to word what you keep","informational","https://weesize.com/guides/pdf-to-word-what-you-keep","en","2",""
"word to pdf what changes","informational","https://weesize.com/guides/word-to-pdf-what-changes","en","2",""
"html to pdf offline","informational","https://weesize.com/guides/html-to-pdf-without-fetching-the-web","en","2",""
"browser pdf tool limits","informational","https://weesize.com/guides/what-a-browser-pdf-tool-can-and-cannot-do","en","2",""
"compress images for email","informational","https://weesize.com/guides/compress-images-for-email","en","2",""
"heic to jpg on windows","informational","https://weesize.com/guides/heic-photos-on-windows","en","2",""
"offline pdf tools","informational","https://weesize.com/guides/offline-pdf-tools","en","2",""
"check pdf tool does not upload","informational","https://weesize.com/guides/how-to-check-a-tool-does-not-upload","en","2",""
"how pdf compression works","informational","https://weesize.com/guides/how-pdf-compression-works","en","2",""
